<?xml version="1.0" encoding="UTF-8"?>

<project>

  <extend>${basedir}/../project.xml</extend>

  <name>Avalon Framework API</name>
  <id>avalon-framework-api</id>

  <shortDescription>Avalon Framework API</shortDescription>
  <description>Avalon Framework API</description>

  <dependencies>
    <dependency>
      <id>logkit</id>
      <version>1.2</version>
    </dependency>
  </dependencies>

  <build>
    <sourceDirectory>src/java</sourceDirectory>
  </build>

</project>
