<?xml version="1.0" encoding="UTF-8"?>
<project href="http://avalon.apache.org/logkit" 
         name="Avalon Framework">
 <title>Avalon Framework</title>

 <body>

    <links>
      <item name="Home" href="http://avalon.apache.org/"/>
      <item name="Framework" href="http://avalon.apache.org/framework/"/>
      <item name="Components" href="http://avalon.apache.org/components"/>
      <item name="Containers" href="http://avalon.apache.org/containers/"/>
      <item name="Sandbox" href="http://avalon.apache.org/sandbox/"/>
    </links>

    <menu name="About Avalon Framework">
        <item name="Overview" href="/index.html"/>
        <item name="Component Oriented" href="/cop/index.html">
          <item name="COP in Avalon" href="/cop/guide-cop-in-avalon.html"/>
          <item name="Patterns in Avalon" href="/cop/guide-patterns-avalon.html"/>
          <item name="IOC Patterns" href="/cop/guide-patterns-ioc.html"/>
          <item name="IOC Security" href="/cop/guide-patterns-ioc-security.html"/>
          <item name="Seperation of Concerns" href="/cop/guide-patterns-soc.html"/>
          <item name="Interface and Implementation" href="/cop/guide-patterns-soii.html"/>
        </item>
        <item name="Component Development" href="/principals/index.html"/>
        <item name="Javadoc" href="/api/index.html"/>
    </menu>

 </body>

</project>

