<?xml version="1.0" encoding="UTF-8"?>

<project>

  <extend>${basedir}/../project.xml</extend>

  <name>Avalon Framework Implementation</name>
  <id>avalon-framework-impl</id>

  <shortDescription>Avalon Framework Implementation</shortDescription>
  <description>
  Avalon Framework Implementation
  </description>

  <dependencies>

    <dependency>
      <groupId>avalon-framework</groupId>
      <artifactId>avalon-framework-api</artifactId>
      <version>4.1.5</version>
    </dependency>
    
    <dependency>
      <id>xml-apis</id>
      <version>2.0.2</version>
    </dependency>
    <dependency>
      <groupId>xml-apis</groupId>
      <artifactId>xmlParserAPIs</artifactId>
      <version>2.0.2</version>
    </dependency>
    <dependency>
      <id>xerces</id>
      <version>2.4.0</version>
    </dependency>
    <dependency>
      <id>xalan</id>
      <version>2.5.1</version>
    </dependency>

    <dependency>
      <id>log4j</id>
      <version>1.2.7</version>
    </dependency>
    <dependency>
      <id>logkit</id>
      <version>1.2</version>
    </dependency>
    <dependency>
      <id>junit</id>
      <version>3.7</version>
    </dependency>
  </dependencies>

  <build>

    <nagEmailAddress>dev@avalon.apache.org</nagEmailAddress>
    <sourceDirectory>src/java</sourceDirectory>
    <unitTestSourceDirectory>src/test</unitTestSourceDirectory>

    <sourceModifications>
      <sourceModification>
        <className>java.util.logging.Logger</className>
        <excludes>
          <exclude>**/Jdk14Logger.java</exclude>
        </excludes>
      </sourceModification>
    </sourceModifications>

    <!-- Unit test classes -->

    <unitTest>
      <includes>
        <include>**/*TestCase.*</include>
      </includes>
      <excludes>
        <exclude>**/DefaultNSConfigurationBuilderTestCase.java</exclude>
      </excludes> 
      <resources> 
        <resource>
          <directory>src/test</directory> 
          <includes> 
            <include>**/*.properties</include> 
            <include>**/*.xml</include> 
          </includes>
        </resource>
      </resources>
    </unitTest>

    <sourceModifications>
      <sourceModification>
        <className>java.util.logging.Logger</className>
        <excludes>
          <exclude>**/Jdk14Logger.java</exclude>
        </excludes>
      </sourceModification>
    </sourceModifications>

  </build>

</project>
