<?xml version="1.0" encoding="UTF-8"?>

<project>

  <name>Avalon Framework</name>
  <groupId>avalon-framework</groupId>
  <id>avalon-framework</id>
  <currentVersion>4.1.5</currentVersion>
  <inceptionYear>2000</inceptionYear>

  <organization>
    <name>Apache Software Foundation</name>
    <url>http://jakarta.apache.org/</url>
    <logo>http://avalon.apache.org/images/apache-avalon-logo.png</logo>
  </organization>

  <package>org.apache.avalon.framework</package>
  <gumpRepositoryId>avalon</gumpRepositoryId>

  <url>http://avalon.apache.org/framework</url>
  <issueTrackingUrl>http://nagoya.apache.org/</issueTrackingUrl>
  <siteAddress>avalon.apache.org/framework</siteAddress>
  <siteDirectory>/site/avalon/framework/</siteDirectory>
  <distributionDirectory></distributionDirectory>

  <repository>
    <connection>scm:cvs:pserver:anoncvs@cvs.apache.org:/home/cvspublic:avalon</connection>
    <url>http://cvs.apache.org/viewcvs/avalon/</url>
  </repository>

  <mailingLists>
    <mailingList>
      <name>Avalon Dev List</name>
      <subscribe>dev-subscribe@avalon.apache.org</subscribe>
      <unsubscribe>dev-unsubscribe@avalon.apache.org</unsubscribe>
      <archive>http://nagoya.apache.org/eyebrowse/SummarizeList?listName=dev@avalon.apache.org</archive>
    </mailingList>
    <mailingList>
      <name>Avalon User List</name>
      <subscribe>users-subscribe@avalon.apache.org</subscribe>
      <unsubscribe>users-unsubscribe@avalon.apache.org</unsubscribe>
      <archive>http://nagoya.apache.org/eyebrowse/SummarizeList?listName=users@avalon.apache.org</archive>
    </mailingList>
  </mailingLists>

  <developers>
    <developer>
      <name>Berin Loritsch</name>
      <id>bloritsch</id>
      <email>bloritsch@apache.org</email>
    </developer>
    <developer>
      <name>Stephen McConnell</name>
      <id>mcconnell</id>
      <email>mcconell@apache.org</email>
      <organization><a href="http://www.osm.net">OSM</a></organization>
    </developer>
    <developer>
      <name>Leo Simons</name>
      <id>leosimons</id>
      <email>leosimons@apache.org</email>
    </developer>
    <developer>
      <name>Leif Mortenson</name>
      <email>leif@tanukisoftware.com</email>
    </developer>
    <developer>
      <name>Marcus Crafter</name>
      <id>crafterm</id>
      <email>crafterm@apache.org</email>
    </developer>
    <developer>
      <name>Leo Sutic</name>
      <id>leosutic</id>
      <email>leo.sutic@inspireinfrastructure.com</email>
    </developer>
    <developer>
      <name>Peter Royal</name>
      <id>proyal</id>
      <email>proyal@apache.org</email>
    </developer>
    <developer>
      <name>Jeff Turner</name>
      <id>jefft</id>
      <email>jefft@apache.org</email>
    </developer>
  </developers>

  <reports>
    <report>maven-changelog-plugin</report>
    <report>maven-file-activity-plugin</report>
    <report>maven-developer-activity-plugin</report>
  </reports>

</project>
