<?xml version="1.0"?>
<!--
   Copyright 2003-2004 The Apache Software Foundation

   Licensed under the Apache License, Version 2.0 (the "License");
   you may not use this file except in compliance with the License.
   You may obtain a copy of the License at

       http://www.apache.org/licenses/LICENSE-2.0

   Unless required by applicable law or agreed to in writing, software
   distributed under the License is distributed on an "AS IS" BASIS,
   WITHOUT WARRANTIES OR CONDITIONS OF ANY KIND, either express or implied.
   See the License for the specific language governing permissions and
   limitations under the License.
-->
<project>
  <pomVersion>3</pomVersion>
  
  <name>Jakarta Commons Net</name>
  <id>commons-net</id>
  <currentVersion>1.2.1</currentVersion>
  <inceptionYear>1997</inceptionYear>
  <shortDescription>Jakarta Commons Net</shortDescription>
  <description/>
  
  <logo>/images/net-logo-white.png</logo>
  
  <url>http://jakarta.apache.org/commons/${pom.artifactId.substring(8)}/</url>
  <package>org.apache.commons.${pom.artifactId.substring(8)}</package>

  <organization>
    <name>The Apache Software Foundation</name>
    <url>http://jakarta.apache.org</url>
    <logo>http://jakarta.apache.org/images/original-jakarta-logo.gif</logo>
  </organization>

  <licenses>
	<license>
    	<name>The Apache Software License, Version 2.0</name>
    	<url>/LICENSE.txt</url>
    	<distribution>repo</distribution>
	</license>
  </licenses>
  
  <gumpRepositoryId>jakarta</gumpRepositoryId>
  <issueTrackingUrl>http://issues.apache.org/bugzilla/</issueTrackingUrl>
  <siteAddress>jakarta.apache.org</siteAddress>
  <siteDirectory>/www/jakarta.apache.org/commons/${pom.artifactId.substring(8)}/</siteDirectory>
  <distributionDirectory>/www/jakarta.apache.org/builds/jakarta-commons/${pom.artifactId.substring(8)}/</distributionDirectory>
  
  <repository>
    <connection>scm:cvs:pserver:anoncvs@cvs.apache.org:/home/cvspublic:jakarta-commons/${pom.artifactId.substring(8)}</connection>
    <url>http://cvs.apache.org/viewcvs/jakarta-commons/${pom.artifactId.substring(8)}/</url>
  </repository>
  
  <mailingLists>
    <mailingList>
      <name>Commons Dev List</name>
      <subscribe>commons-dev-subscribe@jakarta.apache.org</subscribe>
      <unsubscribe>commons-dev-unsubscribe@jakarta.apache.org</unsubscribe>
      <archive>http://nagoya.apache.org/eyebrowse/SummarizeList?listName=commons-dev@jakarta.apache.org</archive>
    </mailingList>
    <mailingList>
      <name>Commons User List</name>
      <subscribe>commons-user-subscribe@jakarta.apache.org</subscribe>
      <unsubscribe>commons-user-unsubscribe@jakarta.apache.org</unsubscribe>
      <archive>http://nagoya.apache.org/eyebrowse/SummarizeList?listName=commons-user@jakarta.apache.org</archive>
    </mailingList>
  </mailingLists>

  <versions>
    <version>
      <id>1.0.0</id>
      <name>1.0.0</name>
      <tag>NET_1_0_0</tag>
    </version>
    <version>
      <id>1.1.0</id>
      <name>1.1.0</name>
      <tag>NET_1_1_0</tag>
    </version>
    <version>
      <id>1.2.0</id>
      <name>1.2.0</name>
      <tag>NET_1_2_0</tag>
    </version>
  </versions>
 
  <developers>
    <developer>
      <name>Jeffrey D. Brekke</name>
      <id>brekke</id>
      <email>Jeff.Brekke@qg.com</email>
      <organization>Quad/Graphics, Inc.</organization>
    </developer>
    <developer>
      <name>Steve Cohen</name>
      <id>scohen</id>
      <email>scohen@apache.org</email>
      <organization>javactivity.org</organization>
    </developer>
    <developer>
      <name>Bruno D'Avanzo</name>
      <id>brudav</id>
      <email>bruno.davanzo@hp.com</email>
      <organization>Hewlett-Packard</organization>
    </developer>
    <developer>
      <name>Daniel F. Savarese</name>
      <id>dfs</id>
      <email>dfs -> apache.org</email>
      <organization>savarese.org</organization>
    </developer>
  </developers>

  <contributors>
   <contributor>
      <name>Mario Ivankovits</name>
      <email>mario@ops.co.at</email>
    </contributor>
    <contributor>
      <name>Tapan Karecha</name>
      <email>tapan@india.hp.com</email>
    </contributor>
   <contributor>
      <name>Winston Ojeda</name>
      <email>Winston.Ojeda@qg.com</email>
      <organization>Quad/Graphics, Inc.</organization>
    </contributor>
   <contributor>
      <name>Rory Winston</name>
      <email>Rory.Winston@telewest.co.uk</email>
    </contributor>
   <contributor>
      <name>Ted Wise</name>
      <email>ctwise@bellsouth.net</email>
    </contributor>
  </contributors>
  
  <dependencies>
     <dependency>
        <id>oro</id>
        <version>2.0.8</version>
      </dependency>
  </dependencies>
  
  <build>
    <nagEmailAddress>commons-dev@jakarta.apache.org</nagEmailAddress>
    <sourceDirectory>src/java</sourceDirectory>
  
    <resources>
      <resource>
        <directory>${basedir}</directory>
        <targetPath>META-INF</targetPath>
        <includes>
          <include>NOTICE.txt</include>
        </includes>
      </resource>
    </resources>

    <unitTestSourceDirectory>src/test</unitTestSourceDirectory>
    <unitTest>
      <includes>
        <include>**/*Test.java</include>
      </includes>
      <excludes>
        <exclude>**/*FunctionalTest.java</exclude>
      </excludes>
    </unitTest>
    
  </build>

  <reports>
    <report>maven-changes-plugin</report>
    <report>maven-tasklist-plugin</report>
    <report>maven-statcvs-plugin</report>
    <report>maven-junit-report-plugin</report>
    <report>maven-jdepend-plugin</report>
    <report>maven-jcoverage-plugin</report>
    <report>maven-checkstyle-plugin</report>
    <report>maven-simian-plugin</report>
    <report>maven-javadoc-plugin</report>
    <report>maven-jxr-plugin</report>
    <report>maven-license-plugin</report>
  </reports>

</project>
