<?xml version="1.0" encoding="UTF-8"?>

<project>

  <extend>${basedir}/../project.xml</extend>

  <name>Avalon Framework</name>
  <id>avalon-framework-docs</id>

  <shortDescription>Avalon Framework API</shortDescription>
  <description>Avalon Framework API</description>

  <dependencies>
    <dependency>
      <id>log4j</id>
      <version>1.2.7</version>
    </dependency>
    <dependency>
      <id>logkit</id>
      <version>1.2</version>
    </dependency>
    <dependency>
      <groupId>avalon-framework</groupId>
      <artifactId>avalon-framework-api</artifactId>
      <version>4.1.5</version>
    </dependency>
    <dependency>
      <groupId>avalon-framework</groupId>
      <artifactId>avalon-framework-impl</artifactId>
      <version>4.1.5</version>
    </dependency>
  </dependencies>

</project>
